{"Gradient Descent": [224.77374367020178, 28.315514439810254], "Momentum": [541.2091817754379, 36.09290706931122], "Adam": [524.4684391456224, 36.36655444864695]}