{"30-25-20-15-10-5/2": [87.00940367611547, 13.417413256113422], "25-15-5/2": [436.6945255017261, 50.53515782557193], "30-25-20-15-10-5/4": [525.0812118754316, 27.303174936425844], "25-15-5/4": [458.49144585340866, 52.1799605783032]}